0.989,0.125,0.71,-0.044,-9.8
0.48,-0.113,0.989,0.125,22.8
0.5,-0.066,0.48,-0.113,-9.7
0.328,-0.115,0.5,-0.066,3.3
0.434,-0.055,0.328,-0.115,-1.6
0.159,-0.058,0.434,-0.055,-12.7
0.29,-0.105,0.159,-0.058,17.4
0.153,-0.074,0.29,-0.105,2
0.184,-0.081,0.153,-0.074,-16.6
-0.026,-0.052,0.184,-0.081,3.7
0.094,0.025,-0.026,-0.052,0
0.096,-0.102,0.094,0.025,-1.2
0.089,-0.142,0.096,-0.102,-2.5
-0.077,-0.073,0.089,-0.142,10.7
0.065,-0.064,-0.077,-0.073,-4.5
-0.028,-0.236,0.065,-0.064,35.7
0.244,-0.066,-0.028,-0.236,-2.8
0.068,-0.169,0.244,-0.066,15.1
0.195,-0.082,0.068,-0.169,3.1
0.188,-0.031,0.195,-0.082,7.8
0.218,-0.025,0.188,-0.031,9.3
0.229,-0.029,0.218,-0.025,-0.4
0.167,-0.012,0.229,-0.029,1.2
0.412,0.097,0.167,-0.012,-24.9
0.375,-0.09,0.412,0.097,7.5
0.166,-0.042,0.375,-0.09,-16
-0.044,-0.046,0.166,-0.042,19
0.059,-0.05,-0.044,-0.046,7.4
0.054,0.009,0.059,-0.05,6.2
0.222,-0.002,0.054,0.009,-29.5
-0.083,-0.068,0.222,-0.002,5.5
0.043,-0.032,-0.083,-0.068,-16.9
-0.315,-0.049,0.043,-0.032,-10.4
-0.129,-0.133,-0.315,-0.049,0.4
0.058,-0.088,-0.129,-0.133,-15.4
-0.124,-0.176,0.058,-0.088,-15.2
0.017,-0.009,-0.124,-0.176,-1.2
-0.114,-0.008,0.017,-0.009,16.3
0.062,-0.04,-0.114,-0.008,-38.6
-0.189,-0.05,0.062,-0.04,9.8
-0.162,-0.156,-0.189,-0.05,39.3
0.054,0.043,-0.162,-0.156,4.5
-0.037,0.003,0.054,0.043,23.9
0.315,0.109,-0.037,0.003,-15.4
-0.069,0.169,0.315,0.109,-32.1
-0.108,-0.008,-0.069,0.169,16.2
0.016,0.052,-0.108,-0.008,15.9
0.043,0.091,0.016,0.052,4.8
0.058,-0.004,0.043,0.091,5.6
-0.02,0.094,0.058,-0.004,18.7
0.165,0.259,-0.02,0.094,-2
0.119,-0.014,0.165,0.259,-13.3
0.067,-0.033,0.119,-0.014,-22.6
-0.151,-0.086,0.067,-0.033,-24.4
-0.216,-0.016,-0.151,-0.086,-6.2
-0.305,-0.065,-0.216,-0.016,0.8
-0.213,0.002,-0.305,-0.065,19.7
0.054,0.044,-0.213,0.002,-7.4
-0.075,0.061,0.054,0.044,-20.7
-0.187,0.019,-0.075,0.061,-7.2
-0.52,0.206,-0.187,0.019,-11
-0.033,0.084,-0.52,0.206,1.7
-0.023,0.019,-0.033,0.084,9.9
0.072,0.092,-0.023,0.019,13.6
0.004,0.203,0.072,0.092,-5.4
0.11,0.117,0.004,0.203,7.2
0.069,0.119,0.11,0.117,16.3
-0.005,0.223,0.069,0.119,5.8
0.006,0.449,-0.005,0.223,-4.5
0.092,0.615,0.006,0.449,16.9
0.096,0.026,0.092,0.615,4.9
0.243,0.05,0.096,0.026,-51.9
-0.183,-0.026,0.243,0.05,-22.1
-0.156,-0.283,-0.183,-0.026,5.6
0.039,-0.161,-0.156,-0.283,6
0.056,-0.086,0.039,-0.161,-1.3
0.012,-0.06,0.056,-0.086,-10.7
-0.01,-0.29,0.012,-0.06,-15.6
-0.226,-0.078,-0.01,-0.29,12.4
0.051,-0.014,-0.226,-0.078,-3.1
-0.077,-0.152,0.051,-0.014,5.7
-0.08,-0.035,-0.077,-0.152,8.7
0.069,0,-0.08,-0.035,-16.8
0.012,-0.006,0.069,0,11.8
0.049,0.027,0.012,-0.006,14.3
-0.022,0.011,0.049,0.027,-1.7
0.139,0.037,-0.022,0.011,-22.2
-0.184,0.001,0.139,0.037,-8.7
0.109,0.013,-0.184,0.001,-24.3
-0.297,0.15,0.109,0.013,6.8
-0.153,0.042,-0.297,0.15,20.2
0.184,0.081,-0.153,0.042,-25.5
-0.311,0.058,0.184,0.081,-37.1
-0.434,0.057,-0.311,0.058,8
-0.128,0.037,-0.434,0.057,15.8
0.048,-0.02,-0.128,0.037,14.7
0.184,-0.005,0.048,-0.02,0.5
-0.108,0.014,0.184,-0.005,11.3
-0.042,-0.065,-0.108,0.014,5.4
0.082,-0.008,-0.042,-0.065,-16.9
-0.075,-0.041,0.082,-0.008,23.5
0.091,0.063,-0.075,-0.041,2.6
0.131,0.034,0.091,0.063,0.4
0.023,-0.005,0.131,0.034,-11
-0.112,-0.069,0.023,-0.005,-11.1
-0.204,-0.031,-0.112,-0.069,31.5
0.292,-0.052,-0.204,-0.031,-7
0.062,-0.105,0.292,-0.052,17.1
0.23,0.07,0.062,-0.105,6.5
0.081,0.127,0.23,0.07,3.9
0.142,0.007,0.081,0.127,-0.4
0.279,-0.027,0.142,0.007,-15
-0.092,-0.085,0.279,-0.027,-5.2
-0.034,0.022,-0.092,-0.085,20.5
0.134,0.014,-0.034,0.022,-0.4
0.094,0.012,0.134,0.014,-3
0.052,0.001,0.094,0.012,-25.7
-0.069,-0.149,0.052,0.001,7
0.087,-0.012,-0.069,-0.149,-29.3
-0.189,-0.118,0.087,-0.012,5
-0.339,0.053,-0.189,-0.118,-21.5
-0.201,0.026,-0.339,0.053,8.2
-0.083,0.024,-0.201,0.026,12.3
0.002,0.04,-0.083,0.024,1.3
-0.033,0.034,0.002,0.04,-25.1
-0.183,0.014,-0.033,0.034,16.1
0.004,0.011,-0.183,0.014,9.5
0.068,0.038,0.004,0.011,-3.1
0.023,0.133,0.068,0.038,28.8
0.236,0.035,0.023,0.133,10.9
0.164,-0.002,0.236,0.035,0
0.226,-0.021,0.164,-0.002,3.5
0.353,-0.035,0.226,-0.021,8.6
0.175,-0.138,0.353,-0.035,6.4
0.262,-0.137,0.175,-0.138,-1.3
0.227,-0.111,0.262,-0.137,8.1
0.101,0.012,0.227,-0.111,-5.1
0.269,-0.093,0.101,0.012,11
0.134,-0.031,0.269,-0.093,2.9
0.354,0.219,0.134,-0.031,3.8
0.245,0.058,0.354,0.219,-15
0.049,-0.073,0.245,0.058,5.9
-0.022,-0.019,0.049,-0.073,-11.8
0.019,-0.1,-0.022,-0.019,8.5
0.08,-0.052,0.019,-0.1,-3.4
0.197,-0.087,0.08,-0.052,15.7
0.268,0.05,0.197,-0.087,-3.7
0.051,-0.064,0.268,0.05,0
0.136,-0.023,0.051,-0.064,-2.9
0.006,-0.091,0.136,-0.023,-0.8
0.031,-0.039,0.006,-0.091,-27.3
-0.111,-0.115,0.031,-0.039,-1.7
-0.049,0.022,-0.111,-0.115,-9.9
-0.05,0.078,-0.049,0.022,-9.6
-0.051,0.033,-0.05,0.078,0.9
-0.194,-0.02,-0.051,0.033,-21.6
-0.354,-0.087,-0.194,-0.02,9.9
-0.207,-0.124,-0.354,-0.087,2.2
-0.01,0.002,-0.207,-0.124,12
-0.091,0.016,-0.01,0.002,27.2
0.224,0.072,-0.091,0.016,26.5
0.371,0.192,0.224,0.072,-0.4
0.34,-0.022,0.371,0.192,0
0.517,-0.22,0.34,-0.022,2.9
0.21,0.011,0.517,-0.22,-2.1
0.273,-0.128,0.21,0.011,1.2
0.273,0.004,0.273,-0.128,10.4
0.273,-0.03,0.273,0.004,-3.7
0.177,-0.006,0.273,-0.03,-4.1
0.147,-0.053,0.177,-0.006,-19.9
0.008,-0.123,0.147,-0.053,21.2
0.189,-0.02,0.008,-0.123,-2.5
0.088,-0.03,0.189,-0.02,-15.8
-0.115,-0.032,0.088,-0.03,3.4
0.145,-0.036,-0.115,-0.032,2.5
0.142,-0.087,0.145,-0.036,-10.9
0.091,-0.162,0.142,-0.087,0
0.184,0.142,0.091,-0.162,19.5
0.288,0.023,0.184,0.142,-2.5
0.149,0.023,0.288,0.023,-5.4
0.065,-0.066,0.149,0.023,-27.3
-0.178,-0.056,0.065,-0.066,11.6
0.026,0.005,-0.178,-0.056,3
0.063,-0.053,0.026,0.005,-11.1
0.006,-0.029,0.063,-0.053,4.7
0.099,0.199,0.006,-0.029,-21.4
-0.162,0.129,0.099,0.199,3.9
0.081,0.087,-0.162,0.129,20.9
0.121,0.125,0.081,0.087,-13.2
0.025,-0.012,0.121,0.125,14.3
0.129,0.254,0.025,-0.012,-5.1
0.007,0.082,0.129,0.254,4.7
0.137,0.012,0.007,0.082,-1.3
0.035,-0.042,0.137,0.012,14.9
0.284,-0.048,0.035,-0.042,-2.5
0.147,-0.034,0.284,-0.048,-3.4
0.101,0.035,0.147,-0.034,-9.7
0.079,-0.103,0.101,0.035,-1.3
0.103,-0.063,0.079,-0.103,-9.8
0.026,-0.117,0.103,-0.063,4.8
0.175,-0.095,0.026,-0.117,-18.1
0.084,-0.055,0.175,-0.095,8.8
0.022,-0.016,0.084,-0.055,20.4
0.222,-0.139,0.022,-0.016,2.6
0.123,-0.047,0.222,-0.139,6.4
0.149,-0.036,0.123,-0.047,-3
0.025,-0.098,0.149,-0.036,0.8
0.048,-0.038,0.025,-0.098,12.3
0.118,0.03,0.048,-0.038,-0.8
0.2,0.026,0.118,0.03,0.4
0.205,-0.122,0.2,0.026,5.4
0.018,0.046,0.205,-0.122,16.6
0.146,-0.005,0.018,0.046,20
0.304,0.108,0.146,-0.005,23.2
0.488,0.17,0.304,0.108,-10.6
0.191,0.151,0.488,0.17,-7.5
0.325,0.272,0.191,0.151,1.2
0.256,-0.102,0.325,0.272,-14.7
-0.026,-0.195,0.256,-0.102,-6.1
0.208,-0.115,-0.026,-0.195,-8.5
0.051,-0.077,0.208,-0.115,-25
0.003,-0.004,0.051,-0.077,11.4
0.064,-0.027,0.003,-0.004,1.2
0.184,-0.074,0.064,-0.027,9.6
0.444,-0.104,0.184,-0.074,6.2
0.116,-0.111,0.444,-0.104,-10.6
-0.03,-0.086,0.116,-0.111,16.1
0.15,-0.059,-0.03,-0.086,-3.3
0.132,-0.062,0.15,-0.059,-31
-0.115,-0.216,0.132,-0.062,13.5
0.206,0,-0.115,-0.216,4.6
0.017,0.064,0.206,0,7.9
0.03,-0.02,0.017,0.064,1.2
0.122,0.105,0.03,-0.02,1.6
0.026,-0.059,0.122,0.105,-9.4
0.138,-0.149,0.026,-0.059,-0.8
0.035,-0.086,0.138,-0.149,-18.2
-0.026,-0.123,0.035,-0.086,-4.6
0.064,-0.15,-0.026,-0.123,6.3
-0.014,-0.054,0.064,-0.15,-5
0.095,-0.078,-0.014,-0.054,-10.6
-0.03,-0.168,0.095,-0.078,4.3
-0.14,0.012,-0.03,-0.168,-7.7
-0.047,0,-0.14,0.012,6.4
-0.019,0.108,-0.047,0,18.7
0.1,0.112,-0.019,0.108,-11.7
-0.048,0.022,0.1,0.112,6.3
-0.035,0.14,-0.048,0.022,-23.5
-0.076,0.048,-0.035,0.14,-5.6
-0.03,0.289,-0.076,0.048,-2.2
0.143,0.121,-0.03,0.289,-0.9
0.044,0.037,0.143,0.121,-6.5
0.038,0.041,0.044,0.037,-3.9
0.014,-0.029,0.038,0.041,-10.5
0.094,-0.004,0.014,-0.029,-24.8
-0.121,0.04,0.094,-0.004,-23.6
-0.199,0.085,-0.121,0.04,-5.1
0.006,0.03,-0.199,0.085,2.3
-0.016,0.016,0.006,0.03,-5.6
-0.072,0.043,-0.016,0.016,-31
0.009,0.177,-0.072,0.043,-6.8
-0.169,0.243,0.009,0.177,0.5
-0.08,0.095,-0.169,0.243,-4.9
-0.104,0.073,-0.08,0.095,-8.8
0.096,0.135,-0.104,0.073,-21.3
-0.173,0.372,0.096,0.135,24.8
0.039,0.01,-0.173,0.372,-14.8
-0.078,0.002,0.039,0.01,15
0.166,0.077,-0.078,0.002,3.9
-0.055,0.082,0.166,0.077,-9.3
0.02,0.046,-0.055,0.082,9.9
0.053,0.037,0.02,0.046,-2
-0.044,0.063,0.053,0.037,38.4
0.308,0.164,-0.044,0.063,-1.9
0.003,-0.055,0.308,0.164,11.9
0.033,-0.197,0.003,-0.055,-9.8
0.127,-0.092,0.033,-0.197,-15.2
0.142,-0.052,0.127,-0.092,-4.3
-0.004,0.082,0.142,-0.052,10.6
0.107,0.034,-0.004,0.082,1.4
-0.06,-0.003,0.107,0.034,20.5
0.09,-0.084,-0.06,-0.003,-1.9
0.205,-0.046,0.09,-0.084,7.5
0.073,-0.05,0.205,-0.046,-5.6
0.183,-0.011,0.073,-0.05,-19.2
0.193,0.097,0.183,-0.011,5.7
0.057,0.101,0.193,0.097,16.6
0.218,0.077,0.057,0.101,-4.2
0.215,0.008,0.218,0.077,-7.5
0.133,0.057,0.215,0.008,6.1
0.095,0.035,0.133,0.057,20.2
0.247,0.091,0.095,0.035,-0.9
0.437,0.19,0.247,0.091,-4.1
0.101,-0.032,0.437,0.19,12
0.009,-0.082,0.101,-0.032,-1.8
0.008,-0.01,0.009,-0.082,-16.9
-0.069,-0.197,0.008,-0.01,-1.9
-0.008,-0.031,-0.069,-0.197,4.7
0.008,-0.078,-0.008,-0.031,22.7
0.119,0.058,0.008,-0.078,-0.9
0.132,-0.031,0.119,0.058,-3.6
0.052,-0.027,0.132,-0.031,-5.9
0.132,0.005,0.052,-0.027,-29.3
-0.145,0.003,0.132,0.005,-26.9
-0.548,0.289,-0.145,0.003,3.4
-0.142,0.029,-0.548,0.289,2.4
-0.095,0.175,-0.142,0.029,-15.4
-0.172,0.255,-0.095,0.175,-6.4
-0.154,0.359,-0.172,0.255,-2.5
0.1,0.263,-0.154,0.359,30.2
0.092,0.06,0.1,0.263,14.4
0.009,0.067,0.092,0.06,-1.4
-0.043,0.068,0.009,0.067,6.2
0.049,0.062,-0.043,0.068,0.5
0.068,0.099,0.049,0.062,-6.1
-0.041,-0.111,0.068,0.099,-25.1
-0.051,-0.207,-0.041,-0.111,9.7
0.013,-0.136,-0.051,-0.207,-3.4
0.075,-0.068,0.013,-0.136,-36.2
-0.18,0,0.075,-0.068,2
-0.125,-0.009,-0.18,0,26.5
0.002,-0.102,-0.125,-0.009,22.4
0.059,-0.011,0.002,-0.102,-4.8
-0.004,0.037,0.059,-0.011,9.1
0.12,-0.019,-0.004,0.037,-8.5
-0.022,0.032,0.12,-0.019,5.7
0.023,0.041,-0.022,0.032,-28.5
0,0.012,0.023,0.041,20.6
0.063,0.093,0,0.012,16.8
0.129,0.07,0.063,0.093,5.2
0.209,-0.055,0.129,0.07,4.7
0.163,0.021,0.209,-0.055,12.1
0.113,-0.034,0.163,0.021,-0.5
-0.05,-0.072,0.113,-0.034,14.8
0.123,0.078,-0.05,-0.072,1.4
-0.059,0.014,0.123,0.078,-9.1
-0.228,0.024,-0.059,0.014,-3.7
0.101,0.046,-0.228,0.024,-2.3
0.061,-0.008,0.101,0.046,-1.4
-0.041,-0.063,0.061,-0.008,13.4
0.175,-0.018,-0.041,-0.063,-20.1
0.005,-0.051,0.175,-0.018,3.7
0.124,0.045,0.005,-0.051,-3.7
0.024,0.107,0.124,0.045,-8.8
0.039,0.032,0.024,0.107,3.3
0.133,0.091,0.039,0.032,-8.9
-0.08,0.022,0.133,0.091,16.5
0.124,0.048,-0.08,0.022,3.3
0.062,0.022,0.124,0.048,3.7
0.088,0.063,0.062,0.022,5.1
0.226,0.053,0.088,0.063,1.8
0.095,0.031,0.226,0.053,8.7
0.171,-0.034,0.095,0.031,0
0.177,-0.098,0.171,-0.034,-8.6
-0.12,-0.151,0.177,-0.098,11.9
0.17,-0.254,-0.12,-0.151,7.7
0.185,-0.218,0.17,-0.254,-1.8
0.169,-0.27,0.185,-0.218,3.2
0.179,-0.148,0.169,-0.27,9.9
0.198,-0.207,0.179,-0.148,-20.4
-0.067,-0.091,0.198,-0.207,-7.7
-0.024,-0.147,-0.067,-0.091,-0.5
0.053,-0.373,-0.024,-0.147,-3.2
-0.146,-0.418,0.053,-0.373,8.7
0.072,-0.03,-0.146,-0.418,1.8
-0.136,-0.002,0.072,-0.03,41.8
0.321,-0.053,-0.136,-0.002,1.3
0.159,0.023,0.321,-0.053,6.1
0.223,-0.092,0.159,0.023,-5.2
0.21,-0.056,0.223,-0.092,0.9
0.14,0.05,0.21,-0.056,2.2
0.164,0.073,0.14,0.05,1.3
0.11,-0.045,0.164,0.073,-19.5
0.166,0.089,0.11,-0.045,-5.3
0.008,0.083,0.166,0.089,4.9
0.095,0.025,0.008,0.083,0
0.043,-0.06,0.095,0.025,-14.6
-0.062,-0.022,0.043,-0.06,2.2
0.105,-0.001,-0.062,-0.022,14.8
0.09,0.021,0.105,-0.001,-0.4
-0.056,-0.114,0.09,0.021,-4.4
0.041,-0.076,-0.056,-0.114,15.1
0.178,-0.081,0.041,-0.076,-2.2
0.114,-0.159,0.178,-0.081,25.8
0.326,-0.012,0.114,-0.159,13.2
0.11,-0.226,0.326,-0.012,10.5
0.338,-0.226,0.11,-0.226,7.1
0.16,-0.225,0.338,-0.226,14.9
0.27,-0.214,0.16,-0.225,0.8
0.202,-0.141,0.27,-0.214,-2
0.072,-0.234,0.202,-0.141,-1.2
0.106,-0.285,0.072,-0.234,7.8
0.524,-0.24,0.106,-0.285,30
0.195,-0.152,0.524,-0.24,-12.6
0.346,-0.168,0.195,-0.152,-4.8
0.23,-0.164,0.346,-0.168,-8
0.045,0.044,0.23,-0.164,-8.1
0.02,0.006,0.045,0.044,-9.4
-0.04,-0.043,0.02,0.006,7.8
0.064,-0.093,-0.04,-0.043,-29.7
0.041,-0.105,0.064,-0.093,-10.9
0.034,-0.047,0.041,-0.105,-7.2
0.019,-0.105,0.034,-0.047,2.6
-0.009,-0.07,0.019,-0.105,-1.7
-0.03,-0.027,-0.009,-0.07,12.8
0.039,-0.047,-0.03,-0.027,2.5
0.059,-0.095,0.039,-0.047,-19.8
-0.021,-0.155,0.059,-0.095,5.2
0.181,-0.054,-0.021,-0.155,8.1
0.163,-0.168,0.181,-0.054,18.6
0.03,-0.087,0.163,-0.168,-23.3
-0.076,-0.195,0.03,-0.087,26
0.313,0.001,-0.076,-0.195,-4.2
-0.092,-0.063,0.313,0.001,-41.3
-0.046,-0.294,-0.092,-0.063,0
0.135,-0.194,-0.046,-0.294,7.8
0.079,-0.057,0.135,-0.194,-15.1
-0.081,-0.01,0.079,-0.057,-19.7
0.125,0.038,-0.081,-0.01,-18.8
0.129,-0.098,0.125,0.038,8.2
0.018,-0.326,0.129,-0.098,-3.6
-0.069,-0.121,0.018,-0.326,-3.6
-0.086,-0.092,-0.069,-0.121,-3.6
-0.112,-0.06,-0.086,-0.092,-11.4
-0.193,-0.073,-0.112,-0.06,5.5
-0.083,-0.079,-0.193,-0.073,-15.2
-0.131,-0.114,-0.083,-0.079,-4.7
0.061,-0.043,-0.131,-0.114,-21.1
-0.41,0.028,0.061,-0.043,3.4
-0.251,-0.065,-0.41,0.028,6.7
-0.195,0.207,-0.251,-0.065,6.2
-0.236,0.06,-0.195,0.207,9.9
-0.097,-0.009,-0.236,0.06,25.2
-0.005,0.007,-0.097,-0.009,0
0.016,0.001,-0.005,0.007,-0.9
-0.059,0.055,0.016,0.001,0
-0.079,-0.004,-0.059,0.055,-27.3
-0.344,-0.075,-0.079,-0.004,6.6
-0.063,-0.017,-0.344,-0.075,25.6
-0.001,0.016,-0.063,-0.017,2.3
-0.036,0.001,-0.001,0.016,-5
-0.023,0.033,-0.036,0.001,-50.5
-0.239,-0.049,-0.023,0.033,4.3
0.12,0.123,-0.239,-0.049,-27.2
-0.183,0.025,0.12,0.123,12.7
-0.201,0.381,-0.183,0.025,2.9
-0.073,-0.002,-0.201,0.381,19.3
0.072,0.029,-0.073,-0.002,-9
-0.085,-0.022,0.072,0.029,7.2
0.153,0.014,-0.085,-0.022,12.8
0.074,-0.046,0.153,0.014,-10.3
-0.079,-0.006,0.074,-0.046,-5.2
0.085,-0.018,-0.079,-0.006,5.2
-0.082,0.002,0.085,-0.018,-19.9
-0.372,-0.072,-0.082,0.002,-0.5
-0.261,0.015,-0.372,-0.072,-22.2
-0.273,-0.015,-0.261,0.015,5.4
-0.03,-0.061,-0.273,-0.015,2
-0.042,0.092,-0.03,-0.061,7.4
-0.037,0.025,-0.042,0.092,-17
0.071,0.104,-0.037,0.025,-6.9
0.132,-0.069,0.071,0.104,-11
0.066,0.041,0.132,-0.069,9.6
0.095,0.029,0.066,0.041,2
0.103,-0.064,0.095,0.029,-23.4
-0.035,-0.076,0.103,-0.064,-5.1
-0.016,-0.131,-0.035,-0.076,-4.6
0.032,0.059,-0.016,-0.131,-7.7
-0.003,-0.007,0.032,0.059,-13.5
-0.065,0.335,-0.003,-0.007,9
-0.3,-0.005,-0.065,0.335,-16.7
-0.328,0.119,-0.3,-0.005,-3.2
-0.009,0.167,-0.328,0.119,-14.9
-0.106,0.22,-0.009,0.167,-21.6
-0.182,0.077,-0.106,0.22,-31.5
-0.168,0.396,-0.182,0.077,-49.6
-0.565,0.381,-0.168,0.396,8.4
-0.266,0.035,-0.565,0.381,37.5
-0.343,0.248,-0.266,0.035,8.6
-0.306,-0.019,-0.343,0.248,27.9
-0.042,0.021,-0.306,-0.019,1.7
0.003,0,-0.042,0.021,-23.8
-0.005,-0.203,0.003,0,4
0.125,-0.044,-0.005,-0.203,3.9
-0.134,-0.157,0.125,-0.044,-17.4
-0.082,-0.071,-0.134,-0.157,-5.1
-0.172,0.153,-0.082,-0.071,5.2
-0.158,0.038,-0.172,0.153,60
-0.027,0.248,-0.158,0.038,-1.6
-0.037,0.554,-0.027,0.248,-10.3
-0.154,-0.013,-0.037,0.554,-9.3
-0.107,0.083,-0.154,-0.013,4.4
-0.107,0.081,-0.107,0.083,46.6
0.184,0.042,-0.107,0.081,8.4
-0.006,0.134,0.184,0.042,10.9
0.067,-0.047,-0.006,0.134,-31.9
-0.077,-0.03,0.067,-0.047,11.7
0.106,0.081,-0.077,-0.03,-28.9
-0.303,0.051,0.106,0.081,-1.6
-0.103,0.064,-0.303,0.051,-1.6
-0.13,0.182,-0.103,0.064,15.2
0.337,-0.098,-0.13,0.182,20.8
0.066,0.098,0.337,-0.098,-13.1
-0.24,-0.047,0.066,0.098,3.7
0.096,-0.058,-0.24,-0.047,18.5
0.128,-0.041,0.096,-0.058,27.5
-0.111,-0.088,0.128,-0.041,15.1
0.079,0.11,-0.111,-0.088,12.4
0.136,0.068,0.079,0.11,-3.4
0.26,0.066,0.136,0.068,-5.9
0.031,-0.009,0.26,0.066,23.8
0.199,0.094,0.031,-0.009,-6.3
0.038,0.044,0.199,0.094,1
0.201,0.022,0.038,0.044,6.8
0.167,0.118,0.201,0.022,6.8
0.154,0.047,0.167,0.118,-12.5
-0.04,0.026,0.154,0.047,15.6
0.322,0.128,-0.04,0.026,5.3
0.18,0.042,0.322,0.128,-1.9
0.061,-0.009,0.18,0.042,0
-0.071,0.042,0.061,-0.009,-5.2
-0.031,-0.061,-0.071,0.042,6.2
-0.021,-0.031,-0.031,-0.061,-0.5
-0.05,-0.107,-0.021,-0.031,18.6
0.031,0.087,-0.05,-0.107,-2.3
0.101,-0.011,0.031,0.087,-0.5
0.058,-0.036,0.101,-0.011,-13.6
-0.018,-0.07,0.058,-0.036,-7.6
0.04,-0.079,-0.018,-0.07,-29.7
0.015,-0.062,0.04,-0.079,-2
-0.123,0.016,0.015,-0.062,2
-0.04,-0.017,-0.123,0.016,-26.2
-0.056,-0.05,-0.04,-0.017,-25.4
-0.039,0.022,-0.056,-0.05,18.2
-0.118,0.002,-0.039,0.022,-5.1
-0.184,-0.02,-0.118,0.002,27.8
0.144,0.025,-0.184,-0.02,2.5
-0.085,0.067,0.144,0.025,13
-0.029,0.016,-0.085,0.067,7.9
-0.126,0.098,-0.029,0.016,-2
-0.083,-0.012,-0.126,0.098,24
0.114,0.037,-0.083,-0.012,-4.3
-0.048,0.019,0.114,0.037,-37.9
-0.675,-0.017,-0.048,0.019,29.5
0.204,-0.052,-0.675,-0.017,-13.6
-0.255,-0.014,0.204,-0.052,-17.7
-0.206,-0.041,-0.255,-0.014,-20.5
-0.216,-0.03,-0.206,-0.041,-8.2
-0.06,-0.04,-0.216,-0.03,-9.8
-0.151,0.005,-0.06,-0.04,0
-0.091,0.083,-0.151,0.005,9.4
-0.065,0.23,-0.091,0.083,-4.1
-0.085,0.051,-0.065,0.23,-16.6
-0.207,0.297,-0.085,0.051,6.3
-0.253,0.231,-0.207,0.297,38.7
-0.02,0.42,-0.253,0.231,-1.5
-0.058,0.056,-0.02,0.42,-3
-0.045,0.063,-0.058,0.056,7.1
0.049,0.142,-0.045,0.063,4
0.041,0.084,0.049,0.142,16.5
0.038,0.318,0.041,0.084,-8.9
0.046,0.236,0.038,0.318,-27.8
0.046,0.058,0.046,0.236,15.3
-0.084,-0.181,0.046,0.058,-7
-0.091,-0.274,-0.084,-0.181,-38.5
-0.131,-0.239,-0.091,-0.274,3.7
-0.029,0.033,-0.131,-0.239,-13.1
0.007,-0.054,-0.029,0.033,-18.6
-0.088,0.028,0.007,-0.054,15.7
-0.033,0.147,-0.088,0.028,-23.5
-0.285,0.034,-0.033,0.147,-5.5
-0.191,0.013,-0.285,0.034,28.6
-0.004,0.036,-0.191,0.013,-21.4
-0.327,0.025,-0.004,0.036,-20.7
-0.212,0.006,-0.327,0.025,-1.7
-0.189,0.21,-0.212,0.006,9.5
-0.188,0.088,-0.189,0.21,-46.5
-0.171,0.011,-0.188,0.088,-2.3
-0.039,0.205,-0.171,0.011,40.7
0.074,0.177,-0.039,0.205,13.4
0.068,0.167,0.074,0.177,-27
-0.033,0.09,0.068,0.167,28.3
0.111,0.139,-0.033,0.09,3.9
0.04,0.026,0.111,0.139,3.3
0.018,-0.021,0.04,0.026,13.1
0.313,0.022,0.018,-0.021,-13
0.063,0.039,0.313,0.022,-23.5
-0.016,-0.005,0.063,0.039,37.5
0.267,0.119,-0.016,-0.005,4.3
0.181,0.026,0.267,0.119,-54.3
0.084,0.096,0.181,0.026,-15.9
0.087,0.239,0.084,0.096,27.2
-0.016,0.177,0.087,0.239,28.7
0.149,0.015,-0.016,0.177,2.2
0.12,0.11,0.149,0.015,17.5
0.237,0.03,0.12,0.11,4.3
0.188,-0.051,0.237,0.03,3.7
0.128,-0.025,0.188,-0.051,0
0.116,-0.029,0.128,-0.025,-2.1
0.126,-0.045,0.116,-0.029,2.7
0.114,0.019,0.126,-0.045,3.2
0.213,-0.117,0.114,0.019,-4.2
0.325,-0.264,0.213,-0.117,31.4
0.398,-0.169,0.325,-0.264,6.2
0.454,-0.186,0.398,-0.169,1
0.213,-0.11,0.454,-0.186,3.6
0.203,-0.126,0.213,-0.11,-15.3
0.116,-0.059,0.203,-0.126,8.3
0.163,-0.009,0.116,-0.059,20.1
0.556,-0.184,0.163,-0.009,3
0.256,-0.196,0.556,-0.184,-1
0.128,-0.139,0.256,-0.196,-1.5
0.054,-0.047,0.128,-0.139,6
0.178,-0.045,0.054,-0.047,8.5
0.459,-0.11,0.178,-0.045,2
0.328,-0.272,0.459,-0.11,-1
0.09,-0.204,0.328,-0.272,7.9
0.118,-0.129,0.09,-0.204,-1.5
0.091,-0.06,0.118,-0.129,-5.4
0.152,-0.149,0.091,-0.06,-1.5
0.035,-0.042,0.152,-0.149,3
0.072,-0.043,0.035,-0.042,7.9
0.133,-0.116,0.072,-0.043,9.8
0.132,-0.026,0.133,-0.116,-9.2
-0.016,-0.044,0.132,-0.026,-27.5
-0.177,-0.064,-0.016,-0.044,4
0.093,-0.096,-0.177,-0.064,-17.6
-0.058,-0.041,0.093,-0.096,10.7
0.029,-0.257,-0.058,-0.041,0.5
0.096,-0.199,0.029,-0.257,-3
0.205,-0.26,0.096,-0.199,1.5
-0.03,-0.062,0.205,-0.26,14.2
0.129,-0.109,-0.03,-0.062,40.5
0.528,0.036,0.129,-0.109,-0.5
0.205,-0.119,0.528,0.036,-6.2
0.219,-0.085,0.205,-0.119,2.4
-0.031,-0.031,0.219,-0.085,-6.8
0.111,-0.024,-0.031,-0.031,16.5
0.216,-0.067,0.111,-0.024,-8.6
0.164,-0.094,0.216,-0.067,-3.9
0.147,-0.063,0.164,-0.094,8.7
0.173,-0.064,0.147,-0.063,-1.4
0.17,-0.143,0.173,-0.064,-20.6
-0.148,0.066,0.17,-0.143,-8.3
0.034,-0.061,-0.148,0.066,-14.3
-0.069,-0.014,0.034,-0.061,6
-0.057,0.026,-0.069,-0.014,-12.5
0.065,-0.044,-0.057,0.026,-2.5
-0.11,0.005,0.065,-0.044,9.1
0.052,0.002,-0.11,0.005,-3.5
0.051,-0.076,0.052,0.002,-3.5
0.037,-0.016,0.051,-0.076,-17.7
-0.054,-0.016,0.037,-0.016,4.1
0.067,-0.024,-0.054,-0.016,0
-0.098,0.035,0.067,-0.024,-12.8
0.02,0.022,-0.098,0.035,-4.7
-0.04,0.01,0.02,0.022,1
-0.102,0.022,-0.04,0.01,5.7
-0.059,0.001,-0.102,0.022,-15.5
-0.175,0.027,-0.059,0.001,28.9
0.041,0.037,-0.175,0.027,-3.1
-0.086,0.018,0.041,0.037,8.7
0.066,0.013,-0.086,0.018,-3.6
-0.054,0.006,0.066,0.013,12.2
0.209,0.031,-0.054,0.006,2.5
0.087,-0.009,0.209,0.031,5
0.196,-0.079,0.087,-0.009,2.5
-0.144,-0.009,0.196,-0.079,26.9
0.308,-0.044,-0.144,-0.009,18
0.324,-0.124,0.308,-0.044,-2.4
0.303,-0.308,0.324,-0.124,-6.2
0.047,-0.114,0.303,-0.308,-38
-0.044,-0.049,0.047,-0.114,-7.5
-0.101,-0.022,-0.044,-0.049,-3
-0.206,-0.051,-0.101,-0.022,-15.2
-0.104,0.024,-0.206,-0.051,4.6
-0.134,-0.012,-0.104,0.024,25.5
-0.048,0.079,-0.134,-0.012,0
-0.182,-0.001,-0.048,0.079,12.5
0.054,-0.003,-0.182,-0.001,-0.5
-0.072,0.023,0.054,-0.003,-64
-0.168,0.073,-0.072,0.023,6.8
-0.043,0.219,-0.168,0.073,3.7
-0.21,0.095,-0.043,0.219,22.9
0.003,0.021,-0.21,0.095,9.2
0.067,-0.035,0.003,0.021,21.7
0.086,-0.014,0.067,-0.035,6.9
0.09,-0.078,0.086,-0.014,-3.4
-0.039,-0.079,0.09,-0.078,-39.8
-0.17,-0.036,-0.039,-0.079,22
0.193,-0.031,-0.17,-0.036,-9.5
0.09,-0.008,0.193,-0.031,30.4
0.337,-0.039,0.09,-0.008,-1
0.106,-0.042,0.337,-0.039,13.3
0.326,-0.202,0.106,-0.042,4.4
0.202,-0.125,0.326,-0.202,8.7
0.386,-0.171,0.202,-0.125,4.8
0.113,-0.182,0.386,-0.171,-4.3
0.198,-0.178,0.113,-0.182,-2.9
0.113,-0.053,0.198,-0.178,1.9
0.14,-0.141,0.113,-0.053,-1
0.077,-0.012,0.14,-0.141,1.4
0.126,-0.056,0.077,-0.012,16.8
0.154,-0.068,0.126,-0.056,0
0.17,-0.076,0.154,-0.068,-6.6
0.121,-0.094,0.17,-0.076,0.5
0.096,-0.102,0.121,-0.094,15.2
0.248,-0.07,0.096,-0.102,-14.9
0.033,0.001,0.248,-0.07,-23.7
-0.052,-0.091,0.033,0.001,2.9
0.046,-0.045,-0.052,-0.091,22.7
0.097,-0.043,0.046,-0.045,12.8
-0.019,0.006,0.097,-0.043,15.9
0.107,-0.052,-0.019,0.006,-6
0.104,-0.106,0.107,-0.052,2.8
0.034,-0.023,0.104,-0.106,6
0.181,-0.104,0.034,-0.023,0
0.076,-0.066,0.181,-0.104,-2.8
0.06,-0.074,0.076,-0.066,14.7
0.098,-0.162,0.06,-0.074,3.6
0.082,-0.118,0.098,-0.162,-10.4
-0.012,-0.07,0.082,-0.118,10.5
0.019,-0.084,-0.012,-0.07,-9
-0.054,0.022,0.019,-0.084,0.5
-0.229,0.01,-0.054,0.022,-5.5
-0.072,0.051,-0.229,0.01,-0.9
0.045,-0.105,-0.072,0.051,8.3
-0.001,-0.019,0.045,-0.105,-6.8
-0.029,-0.045,-0.001,-0.019,-6
0.022,0.012,-0.029,-0.045,4.6
0.072,-0.02,0.022,0.012,24.3
0.141,-0.064,0.072,-0.02,7.2
0.141,-0.116,0.141,-0.064,-4.4
0.14,-0.084,0.141,-0.116,0.4
0.115,-0.243,0.14,-0.084,-22.8
-0.056,0.019,0.115,-0.243,-50.2
-0.074,0.061,-0.056,0.019,7.7
-0.028,-0.144,-0.074,0.061,19.6
0.01,-0.027,-0.028,-0.144,2.3
-0.054,-0.219,0.01,-0.027,12.6
-0.053,-0.144,-0.054,-0.219,15.7
0.036,-0.109,-0.053,-0.144,-0.5
0.03,0.064,0.036,-0.109,-5.4
-0.03,-0.025,0.03,0.064,14.2
0.026,0.074,-0.03,-0.025,-6.3
-0.193,0.044,0.026,0.074,14.5
0.196,-0.046,-0.193,0.044,-22.8
-0.075,-0.042,0.196,-0.046,11.9
0.119,-0.011,-0.075,-0.042,0.9
0.024,0.03,0.119,-0.011,13.1
0.06,-0.114,0.024,0.03,-7.6
0.036,-0.059,0.06,-0.114,4.9
-0.037,-0.015,0.036,-0.059,-29.9
0.021,0.016,-0.037,-0.015,0
-0.148,0.122,0.021,0.016,-18.9
0.145,-0.087,-0.148,0.122,9.9
0.11,-0.029,0.145,-0.087,3.3
0.158,0,0.11,-0.029,14.4
0.19,-0.016,0.158,0,0.9
0.074,-0.107,0.19,-0.016,2.3
0.036,-0.04,0.074,-0.107,-8.6
-0.024,-0.035,0.036,-0.04,14.2
0.088,-0.007,-0.024,-0.035,-3.6
0.017,0.038,0.088,-0.007,-24.1
-0.116,0.035,0.017,0.038,10.2
0.064,0.165,-0.116,0.035,-0.9
0.027,-0.003,0.064,0.165,-4.2
0.158,0.053,0.027,-0.003,0.5
0.057,0.014,0.158,0.053,-24.5
-0.017,0.09,0.057,0.014,4.3
-0.096,0.08,-0.017,0.09,-5.7
-0.161,0.101,-0.096,0.08,18.1
-0.106,0.023,-0.161,0.101,3.3
-0.012,-0.012,-0.106,0.023,-41.9
-0.099,0.361,-0.012,-0.012,39.3
-0.147,0.239,-0.099,0.361,-19.2
-0.382,0.116,-0.147,0.239,-14.8
-0.183,0.104,-0.382,0.116,-8.2
-0.097,0.056,-0.183,0.104,7.8
0.026,0.104,-0.097,0.056,-2.4
0.061,0.023,0.026,0.104,1
0.06,-0.025,0.061,0.023,-6.3
-0.001,-0.041,0.06,-0.025,23.4
-0.014,-0.022,-0.001,-0.041,6.7
0.047,0.004,-0.014,-0.022,-9.9
-0.127,0.042,0.047,0.004,1
0.019,-0.033,-0.127,0.042,6.2
0.1,0.012,0.019,-0.033,0
0.046,-0.007,0.1,0.012,10
0.269,-0.054,0.046,-0.007,0.9
-0.053,0.039,0.269,-0.054,-13.1
-0.042,-0.001,-0.053,0.039,-2.9
-0.008,0.027,-0.042,-0.001,22.4
-0.06,0.158,-0.008,0.027,5.6
-0.247,0.011,-0.06,0.158,31.6
0.01,0.376,-0.247,0.011,2.7
0.055,-0.084,0.01,0.376,-1.8
-0.01,-0.102,0.055,-0.084,4.5
0.188,-0.022,-0.01,-0.102,1.8
-0.015,-0.108,0.188,-0.022,0.4
-0.091,-0.019,-0.015,-0.108,3.6
-0.146,-0.057,-0.091,-0.019,0.4
-0.063,-0.052,-0.146,-0.057,4.9
-0.017,-0.038,-0.063,-0.052,-3.1
-0.004,-0.079,-0.017,-0.038,-0.9
-0.05,-0.019,-0.004,-0.079,-2.7
-0.061,0.11,-0.05,-0.019,1.3
-0.064,0.063,-0.061,0.11,1.8
0.071,0.064,-0.064,0.063,8.4
0.075,-0.109,0.071,0.064,0.9
0.101,-0.004,0.075,-0.109,6.6
0,-0.035,0.101,-0.004,16.2
0.084,-0.106,0,-0.035,1.7
0.018,-0.187,0.084,-0.106,-5.6
0.108,-0.079,0.018,-0.187,8.2
0.151,-0.054,0.108,-0.079,5.1
0.052,-0.219,0.151,-0.054,-2.6
0.087,-0.048,0.052,-0.219,36.7
0.241,-0.109,0.087,-0.048,4.5
0.196,0.08,0.241,-0.109,-4.9
0.026,-0.074,0.196,0.08,-12
-0.093,0.012,0.026,-0.074,7.1
0.101,-0.115,-0.093,0.012,-0.8
0.069,-0.099,0.101,-0.115,2.1
0.029,-0.103,0.069,-0.099,-4.6
-0.113,-0.044,0.029,-0.103,-1.7
0.016,-0.037,-0.113,-0.044,2.1
-0.064,0.008,0.016,-0.037,6.6
0.047,-0.118,-0.064,0.008,16.9
0.08,-0.081,0.047,-0.118,-12.2
-0.278,0.02,0.08,-0.081,7
0.004,-0.092,-0.278,0.02,-9.4
0.086,-0.089,0.004,-0.092,2.9
-0.135,-0.093,0.086,-0.089,4.5
-0.032,-0.007,-0.135,-0.093,-4.1
-0.066,-0.014,-0.032,-0.007,-8.6
-0.138,0.012,-0.066,-0.014,2.1
0.173,-0.091,-0.138,0.012,4.5
0.02,-0.018,0.173,-0.091,0
0.165,-0.014,0.02,-0.018,-4.5
-0.005,0.035,0.165,-0.014,5.4
-0.034,0.01,-0.005,0.035,-0.4
0.029,-0.019,-0.034,0.01,0
0.021,0.015,0.029,-0.019,6.2
-0.013,0.018,0.021,0.015,18
0.053,-0.084,-0.013,0.018,4
0.109,-0.058,0.053,-0.084,0.4
-0.046,0.209,0.109,-0.058,-15.6
-0.054,-0.015,-0.046,0.209,-7.3
-0.125,0.017,-0.054,-0.015,2.5
0.034,0.247,-0.125,0.017,18
0.274,0.04,0.034,0.247,-19.2
-0.033,0.046,0.274,0.04,2.9
0.044,-0.045,-0.033,0.046,10.6
0.085,0.01,0.044,-0.045,3.2
-0.03,-0.047,0.085,0.01,-4.4
0.111,-0.324,-0.03,-0.047,4
-0.128,-0.104,0.111,-0.324,21.3
0.196,-0.124,-0.128,-0.104,17.3
0.026,-0.343,0.196,-0.124,2.3
-0.016,-0.12,0.026,-0.343,14.3
0.263,-0.14,-0.016,-0.12,9.9
0.188,-0.078,0.263,-0.14,-2.6
-0.174,-0.117,0.188,-0.078,18.5
0.26,-0.122,-0.174,-0.117,-7.8
-0.12,-0.01,0.26,-0.122,3
0.134,-0.014,-0.12,-0.01,-3.4
0.085,-0.024,0.134,-0.014,-12.7
-0.106,-0.046,0.085,-0.024,5.3
0.022,-0.15,-0.106,-0.046,4.9
-0.22,-0.015,0.022,-0.15,-1.5
0.051,0.002,-0.22,-0.015,-3.4
-0.051,-0.014,0.051,0.002,4.5
0.153,-0.04,-0.051,-0.014,-5.3
-0.016,-0.037,0.153,-0.04,-3.4
0.194,-0.025,-0.016,-0.037,-8.7
-0.011,0.053,0.194,-0.025,-2.3
-0.044,0.04,-0.011,0.053,-12.2
-0.092,-0.014,-0.044,0.04,-8.9
-0.147,0.017,-0.092,-0.014,1.2
0.045,-0.091,-0.147,0.017,19.5
-0.017,0.029,0.045,-0.091,-9.6
-0.091,-0.015,-0.017,0.029,5.4
-0.084,0.018,-0.091,-0.015,-0.4
-0.01,-0.066,-0.084,0.018,-9.6
-0.055,-0.019,-0.01,-0.066,6.6
0.386,-0.02,-0.055,-0.019,18.5
0.1,0.022,0.386,-0.02,9.5
0.213,-0.023,0.1,0.022,21
0.198,-0.075,0.213,-0.023,11
0.166,-0.08,0.198,-0.075,4.7
0.005,0.02,0.166,-0.08,0.7
-0.231,-0.292,0.005,0.02,16.6
0.164,-0.115,-0.231,-0.292,19.9
0.224,-0.136,0.164,-0.115,51.3
0.199,0.058,0.224,-0.136,-20.2
-0.024,-0.117,0.199,0.058,21.3
0.427,0.021,-0.024,-0.117,-9.3
-0.054,-0.184,0.427,0.021,6
0.052,-0.05,-0.054,-0.184,2.7
-0.004,-0.051,0.052,-0.05,-2
0.028,-0.182,-0.004,-0.051,-4.3
0.134,-0.148,0.028,-0.182,-3.7
0.07,-0.041,0.134,-0.148,14.4
0.182,0.019,0.07,-0.041,5.9
0.023,-0.013,0.182,0.019,3.3
-0.056,0.102,0.023,-0.013,23.6
0.151,0.104,-0.056,0.102,11.8
0.02,0.017,0.151,0.104,-2.5
0.02,-0.062,0.02,0.017,-13
0.032,0.046,0.02,-0.062,0.6
-0.194,0.14,0.032,0.046,-5.8
-0.016,-0.062,-0.194,0.14,24.5
0.244,-0.168,-0.016,-0.062,-3.5
0.139,-0.1,0.244,-0.168,-11.4
0.078,0.007,0.139,-0.1,8.6
0.499,-0.102,0.078,0.007,14.9
0.108,-0.066,0.499,-0.102,-20.3
-0.116,-0.097,0.108,-0.066,13.4
0.097,0.069,-0.116,-0.097,-1.6
0.128,-0.027,0.097,0.069,-8.5
0.046,-0.129,0.128,-0.027,1.3
-0.084,0.013,0.046,-0.129,10.8
0.066,-0.125,-0.084,0.013,4.1
0.054,-0.236,0.066,-0.125,-12.2
-0.133,-0.148,0.054,-0.236,13
-0.007,-0.032,-0.133,-0.148,5
0.059,-0.053,-0.007,-0.032,10.6
-0.042,-0.128,0.059,-0.053,-0.3
-0.006,-0.276,-0.042,-0.128,-5.2
-0.008,0.049,-0.006,-0.276,12.4
0.074,-0.075,-0.008,0.049,-5.2
0.049,-0.032,0.074,-0.075,3.1
0.157,-0.094,0.049,-0.032,-10.1
-0.069,0.037,0.157,-0.094,7.4
0.067,-0.046,-0.069,0.037,-0.6
0.189,-0.129,0.067,-0.046,-7.1
-0.001,0.086,0.189,-0.129,5.6
-0.011,0.056,-0.001,0.086,12
0.007,-0.02,-0.011,0.056,-1.2
-0.002,-0.16,0.007,-0.02,21.9
0.287,-0.276,-0.002,-0.16,1.8
0.068,-0.044,0.287,-0.276,8.9
0.116,-0.018,0.068,-0.044,0.6
-0.013,0.045,0.116,-0.018,1.5
0.04,0.154,-0.013,0.045,10.3
-0.027,0.013,0.04,0.154,7.3
0.043,-0.205,-0.027,0.013,1.4
-0.087,0.09,0.043,-0.205,-6.1
-0.175,0.185,-0.087,0.09,-7.8
0.095,0.217,-0.175,0.185,5.6
0.225,0.254,0.095,0.217,-38.4
-0.092,0.51,0.225,0.254,0.6
-0.067,0.313,-0.092,0.51,16.6
0.108,0.061,-0.067,0.313,4.2
0.145,-0.009,0.108,0.061,-34.1
-0.125,0.183,0.145,-0.009,9.2
-0.07,0.09,-0.125,0.183,1.2
0.098,-0.159,-0.07,0.09,-3.6
0.095,-0.11,0.098,-0.159,-23.5
-0.035,0.154,0.095,-0.11,-10.3
0.158,0.248,-0.035,0.154,-36
-0.22,0.285,0.158,0.248,17
-0.011,0.097,-0.22,0.285,11.3
0.151,-0.027,-0.011,0.097,12.1
0.068,-0.145,0.151,-0.027,-2.8
-0.009,-0.092,0.068,-0.145,-3.5
-0.045,-0.098,-0.009,-0.092,9.2
-0.063,-0.008,-0.045,-0.098,0.3
0.058,-0.119,-0.063,-0.008,8.8
0.036,0.047,0.058,-0.119,2.2
0.018,0.063,0.036,0.047,-11.2
0.077,0.072,0.018,0.063,-6
-0.109,-0.007,0.077,0.072,6.9
0.066,0.116,-0.109,-0.007,-11.6
-0.152,-0.005,0.066,0.116,-1.9
-0.119,-0.11,-0.152,-0.005,-20.9
0.008,0.185,-0.119,-0.11,-2.3
-0.129,0.156,0.008,0.185,-4.5
-0.082,0.048,-0.129,0.156,25.1
0.082,0.068,-0.082,0.048,1.3
0.01,-0.023,0.082,0.068,17.5
-0.087,0.226,0.01,-0.023,0.9
-0.133,0.071,-0.087,0.226,-0.6
0.03,-0.005,-0.133,0.071,9.4
0.002,0.053,0.03,-0.005,9
-0.108,0.06,0.002,0.053,31.9
0,-0.092,-0.108,0.06,-1.5
-0.191,-0.046,0,-0.092,-0.3
-0.082,-0.066,-0.191,-0.046,0.3
-0.052,-0.177,-0.082,-0.066,-12.5
0.009,0.011,-0.052,-0.177,-0.6
-0.019,0.003,0.009,0.011,-10.3
-0.268,0.354,-0.019,0.003,-4
-0.121,-0.038,-0.268,0.354,2.1
-0.035,-0.06,-0.121,-0.038,14
0.03,-0.061,-0.035,-0.06,36.1
0.719,-0.376,0.03,-0.061,18.3
0.268,-0.323,0.719,-0.376,13.1
0.201,-0.182,0.268,-0.323,-2
-0.026,-0.073,0.201,-0.182,5.1
-0.03,-0.052,-0.026,-0.073,3.1
-0.016,-0.258,-0.03,-0.052,-1.7
0.064,-0.06,-0.016,-0.258,-8.1
-0.025,-0.123,0.064,-0.06,10.2
0.33,-0.15,-0.025,-0.123,5
0.06,-0.623,0.33,-0.15,-0.8
-0.088,-0.084,0.06,-0.623,-0.6
0.113,-0.298,-0.088,-0.084,-12.8
0.151,-0.057,0.113,-0.298,12.7
0.108,-0.098,0.151,-0.057,5
0.17,-0.262,0.108,-0.098,21.6
0.202,-0.439,0.17,-0.262,30.4
0.221,-0.277,0.202,-0.439,-5.5
-0.003,-0.153,0.221,-0.277,5.3
0.043,0.101,-0.003,-0.153,-9
0.054,-0.167,0.043,0.101,-2.4
0.122,-0.048,0.054,-0.167,6.9
0.01,-0.032,0.122,-0.048,-5
0.105,0.021,0.01,-0.032,-7.7
-0.123,0.131,0.105,0.021,-8.3
0,0.032,-0.123,0.131,-3
-0.082,0.072,0,0.032,-9.2
0.148,0.163,-0.082,0.072,11.8
0.312,-0.264,0.148,0.163,-0.5
0.345,-0.395,0.312,-0.264,-9.8
0.248,-0.335,0.345,-0.395,5.7
0.058,-0.018,0.248,-0.335,9.5
0.054,-0.263,0.058,-0.018,-4
-0.044,-0.04,0.054,-0.263,3.5
-0.107,0.142,-0.044,-0.04,-34
-0.436,0.079,-0.107,0.142,6.4
-0.077,0.088,-0.436,0.079,0
-0.135,0.147,-0.077,0.088,-35.5
-0.415,0.239,-0.135,0.147,1.7
-0.235,-0.012,-0.415,0.239,18.7
0.122,-0.038,-0.235,-0.012,7
0.093,0.205,0.122,-0.038,-28.3
-0.121,0.102,0.093,0.205,-6
-0.289,0.331,-0.121,0.102,4.1
0.033,-0.022,-0.289,0.331,2.6
-0.166,0.209,0.033,-0.022,-7.5
-0.167,0.069,-0.166,0.209,14.5
-0.122,0.429,-0.167,0.069,6.3
0.071,-0.124,-0.122,0.429,-5.1
0.013,0.218,0.071,-0.124,3.7
-0.069,0.069,0.013,0.218,0
0.096,0.129,-0.069,0.069,-3.7
-0.07,0.376,0.096,0.129,-38.8
-0.15,0.322,-0.07,0.376,8.6
0.06,0.405,-0.15,0.322,-7.9
0.028,0.792,0.06,0.405,20.8
-0.082,-0.234,0.028,0.792,26.2
0.217,-0.003,-0.082,-0.234,8.5
0.154,-0.058,0.217,-0.003,7
0.201,-0.166,0.154,-0.058,-14.5
0.105,-0.061,0.201,-0.166,25.2
0.271,0.038,0.105,-0.061,13.8
0.215,-0.033,0.271,0.038,-5.7
0.166,0.026,0.215,-0.033,-14.5
0.011,0.06,0.166,0.026,-9.7
0.284,-0.208,0.011,0.06,4.2
0.128,0.069,0.284,-0.208,3.6
0.002,0.048,0.128,0.069,16.4
0.279,-0.067,0.002,0.048,-5.8
0.205,-0.154,0.279,-0.067,-0.3
-0.001,-0.075,0.205,-0.154,1.9
0.081,-0.001,-0.001,-0.075,-20.4
-0.038,0.085,0.081,-0.001,27.5
0.295,-0.012,-0.038,0.085,3.3
0.05,0.008,0.295,-0.012,18.3
0.321,-0.016,0.05,0.008,6.2
0.132,0.006,0.321,-0.016,15.4
0.225,0.034,0.132,0.006,-25.7
-0.221,-0.007,0.225,0.034,4
-0.038,-0.006,-0.221,-0.007,-3.7
0.062,-0.051,-0.038,-0.006,-37.9
-0.195,-0.002,0.062,-0.051,-22.9
-0.054,-0.062,-0.195,-0.002,-31.4
-0.102,0.127,-0.054,-0.062,-48.7
-0.115,-0.041,-0.102,0.127,15.5
0.089,-0.243,-0.115,-0.041,-50.7
-0.159,0.103,0.089,-0.243,21.2
-0.089,-0.022,-0.159,0.103,15.8
0.095,-0.19,-0.089,-0.022,23.9
0.108,-0.102,0.095,-0.19,11.8
0.184,-0.082,0.108,-0.102,-25.7
-0.005,-0.074,0.184,-0.082,12.6
-0.062,0.001,-0.005,-0.074,-12.7
-0.06,-0.008,-0.062,0.001,29.2
0.218,0.073,-0.06,-0.008,2.7
-0.153,0.044,0.218,0.073,-4.5
0.101,0.031,-0.153,0.044,-25.1
-0.073,-0.012,0.101,0.031,-26.7
-0.083,-0.018,-0.073,-0.012,-27.1
0.034,-0.026,-0.083,-0.018,40.2
0.049,-0.055,0.034,-0.026,1.6
-0.307,-0.115,0.049,-0.055,19.9
0.196,-0.298,-0.307,-0.115,22.9
0.149,-0.008,0.196,-0.298,0
